first_name,last_name,email,birth
Alice,Smith,alice.smith@email.com,1990-03-15
Bob,Johnson,bob.johnson@email.com,1985-08-22
Charlie,Williams,charlie.w@email.com,1992-05-10
David,Jones,david.jones@email.com,1988-12-03
Emily,Brown,emily.brown@email.com,1995-07-20
Frank,Miller,frank.miller@email.com,1982-11-28
Grace,Taylor,grace.taylor@email.com,1998-04-05
Henry,Clark,hclark@email.com,1987-09-18
Ivy,Anderson,ivy.anderson@email.com,1994-01-22
Jack,Roberts,jack.roberts@email.com,1980-06-12
Katherine,Moore,katherine.moore@email.com,1993-08-07
Liam,Turner,liam.turner@email.com,1989-12-14
Mia,Campbell,mia.campbell@email.com,1996-03-30
Nathan,Hill,nathan.hill@email.com,1986-05-25
Olivia,Ward,olivia.ward@email.com,1991-10-11
Paul,Adams,paul.adams@email.com,1983-02-18
Quinn,Cooper,quinn.cooper@email.com,1997-07-08
Rachel,Bennett,rachel.bennett@email.com,1984-09-03
Samuel,Lee,samuel.lee@email.com,1999-01-17
Tiffany,Fisher,tiffany.fisher@email.com,1981-04-20
Ulysses,Scott,ulysses.scott@email.com,1990-11-26
Violet,Morris,violet.morris@email.com,1988-06-08
William,Young,william.young@email.com,1995-02-14
Xander,Gray,xander.gray@email.com,1987-07-02
Yasmine,Turner,yasmine.turner@email.com,1993-09-21
Zachary,Hudson,zachary.hudson@email.com,1984-12-27
Emma,Bailey,emma.bailey@email.com,1998-03-10
Ryan,Flynn,ryan.flynn@email.com,1989-05-15
Sophie,West,sophie.west@email.com,1996-08-01
Lucas,Cruz,lucas.cruz@email.com,1980-10-30
Isabel,Rivera,isabel.rivera@email.com,1994-09-12
Connor,Evans,connor.evans@email.com,1983-08-25
Samantha,Wright,samantha.wright@email.com,1990-06-07
Gavin,Harrison,gavin.harrison@email.com,1988-02-19
Lily,Cooper,lily.cooper@email.com,1996-11-15
Oscar,Wood,oscar.wood@email.com,1985-03-28
Ava,Davis,ava.davis@email.com,1993-05-22
Elijah,Reyes,elijah.reyes@email.com,1987-12-10
Stella,Flores,stella.flores@email.com,1998-01-25
Benjamin,Watson,benjamin.watson@email.com,1989-04-14
Sophia,Kelly,sophia.kelly@email.com,1992-07-31
Landon,Mendoza,landon.mendoza@email.com,1986-09-16
Hannah,Pierce,hannah.pierce@email.com,1995-02-02
Carter,Barnes,carter.barnes@email.com,1980-10-18
Madison,Hughes,madison.hughes@email.com,1997-03-07
Evan,Porter,evan.porter@email.com,1984-06-23
Aria,Stewart,aria.stewart@email.com,1991-08-29
Logan,Rodriguez,logan.rodriguez@email.com,1982-11-05
Harper,Hayes,harper.hayes@email.com,1994-01-20
Isaac,Fisher,isaac.fisher@email.com,1988-04-05
Zoe,Myers,zoe.myers@email.com,1996-06-20
Nolan,Sullivan,nolan.sullivan@email.com,1980-09-12
Lucy,Price,lucy.price@email.com,1983-12-28
William,Bryant,william.bryant@email.com,1999-02-14
Avery,Warren,avery.warren@email.com,1981-07-10
Aiden,Palmer,aiden.palmer@email.com,1986-05-02
Mila,Dixon,mila.dixon@email.com,1993-10-26
Levi,Fleming,levi.fleming@email.com,1989-01-09
Aubrey,Russell,aubrey.russell@email.com,1995-04-04
Gabriel,Reid,gabriel.reid@email.com,1987-06-19
Kayla,Simmons,kayla.simmons@email.com,1992-08-13
Austin,Garcia,austin.garcia@email.com,1983-09-14
Hailey,Bishop,hailey.bishop@email.com,1990-11-27
Jackson,Mills,jackson.mills@email.com,1988-03-02
Aaliyah,Haynes,aaliyah.haynes@email.com,1997-05-18
Caleb,Franklin,caleb.franklin@email.com,1985-07-12
Sofia,Morrison,sofia.morrison@email.com,1994-02-08
Ethan,Reynolds,ethan.reynolds@email.com,1981-10-01
Luna,Hale,luna.hale@email.com,1992-01-15
Wyatt,Burton,wyatt.burton@email.com,1986-04-30
Amelia,Woods,amelia.woods@email.com,1995-07-26
Leo,Johnston,leo.johnston@email.com,1989-09-09
Scarlett,Mccarthy,scarlett.mccarthy@email.com,1996-11-04
Lucas,Baxter,lucas.baxter@email.com,1984-01-21
Aria,Horton,aria.horton@email.com,1991-04-07
Oliver,Howell,oliver.howell@email.com,1980-06-24
Grace,Sharp,grace.sharp@email.com,1999-03-11
Elijah,Phelps,elijah.phelps@email.com,1982-08-05
Aurora,Garrett,aurora.garrett@email.com,1987-12-20
Mateo,Floyd,mateo.floyd@email.com,1990-02-03
Adeline,Valdez,adeline.valdez@email.com,1993-05-29
Colton,Dalton,colton.dalton@email.com,1988-10-14
Nova,Parrish,nova.parrish@email.com,1996-02-28
Mason,Sampson,mason.sampson@email.com,1985-04-13
Lily,Richard,lily.richard@email.com,1992-07-09
Isaiah,Wilkinson,isaiah.wilkinson@email.com,1981-09-23
Aubrey,Cross,aubrey.cross@email.com,1994-11-08
Levi,Moss,levi.moss@email.com,1989-01-28
Sophie,Wallace,sophie.wallace@email.com,1995-03-15
Ezra,Monroe,ezra.monroe@email.com,1983-06-30
Eva,Mccoy,eva.mccoy@email.com,1990-09-14
Hudson,Walsh,hudson.walsh@email.com,1987-11-27
Nova,Beasley,nova.beasley@email.com,1996-03-13
Carter,Reese,carter.reese@email.com,1984-05-28
Liam,Chan,liam.chan@email.com,1994-09-12
Avery,Fowler,avery.fowler@email.com,1990-11-27
Mila,Davenport,mila.davenport@email.com,1988-03-02
Owen,Huffman,owen.huffman@email.com,1997-05-18
Piper,Trujillo,piper.trujillo@email.com,1985-07-12
Luna,Howell,luna.howell@email.com,1985-12-20